sample	breed	group
Dachshund (DACH000001)	Dachshund	short-legged
Dachshund (DACH000002)	Dachshund	short-legged
Dachshund (DACH000003)	Dachshund	short-legged
Dachshund (DACH000004)	Dachshund	short-legged
Basset Hound (BASS000001)	Basset Hound	short-legged
Basset Hound (BASS000002)	Basset Hound	short-legged
Basset Hound (BASS000003)	Basset Hound	short-legged
Basset Hound (BASS000004)	Basset Hound	short-legged
Cardigan Welsh Corgi (CARD000001)	Cardigan Welsh Corgi	short-legged
Cardigan Welsh Corgi (CARD000003)	Cardigan Welsh Corgi	short-legged
Cardigan Welsh Corgi (CARD000004)	Cardigan Welsh Corgi	short-legged
Cardigan Welsh Corgi (CARD000005)	Cardigan Welsh Corgi	short-legged
Cocker Spaniel (ACKR000001)	Cocker Spaniel	short-legged
Cocker Spaniel (ACKR000002)	Cocker Spaniel	short-legged
Cocker Spaniel (ACKR000003)	Cocker Spaniel	short-legged
Lhasa Apso (LHSA000001)	Lhasa Apso	short-legged
Lhasa Apso (LHSA000002)	Lhasa Apso	short-legged
Lhasa Apso (LHSA000003)	Lhasa Apso	short-legged
Lhasa Apso (LHSA000004)	Lhasa Apso	short-legged
Mastiff (MAST000001)	Mastiff	large breeds
Mastiff (MAST000002)	Mastiff	large breeds
Mastiff (MAST000003)	Mastiff	large breeds
Mastiff (MAST000004)	Mastiff	large breeds
Saint Bernard (STBD000001)	Saint Bernard	large breeds
Saint Bernard (STBD000002)	Saint Bernard	large breeds
Saint Bernard (STBD000003)	Saint Bernard	large breeds
Saint Bernard (STBD000004)	Saint Bernard	large breeds
Newfoundland (NEWF000001)	Newfoundland	large breeds
Newfoundland (NEWF000002)	Newfoundland	large breeds
Newfoundland (NEWF000003)	Newfoundland	large breeds
Newfoundland (NEWF000004)	Newfoundland	large breeds
Scottish Deerhound (DEER000001)	Scottish Deerhound	large breeds
Scottish Deerhound (DEER000002)	Scottish Deerhound	large breeds
Scottish Deerhound (DEER000003)	Scottish Deerhound	large breeds
Bullmastiff (BULM000001)	Bullmastiff	large breeds
Bullmastiff (BULM000002)	Bullmastiff	large breeds
Bullmastiff (BULM000003)	Bullmastiff	large breeds
Bullmastiff (BULM000004)	Bullmastiff	large breeds
